Top queries,CTR
what is a grey man,0.09609999999999999
rifle range bag,0.09269999999999999
concealed carry joggers,0.09050000000000001
gray man theory,0.0842
concealed carry leggings,0.0819
body armor near me,0.7340000000000001
shooting gloves for men,0.0782
police supply store near me,0.0774
handgun range bag,0.0771
concealed carry shirts,0.076
tactical edc,0.0753
police patrol bag,0.0753
tactical jeans,0.07519999999999999
tactical rifle bag,0.075
ifak kit,0.0717
go bag checklist,0.0698
chest rig vs plate carrier,0.0694
bail out bag,0.0691
slim fit tactical pants,0.0647
tactical shooting gloves,0.0646
ammo bags,0.0637
pistol bag,0.0625
shooting range bag,0.0621
concealed carry jacket mens,0.060599999999999994
gray man meaning,0.0604
tactical gear near me,0.0584
rifle bags,0.0581
tactical crossbody bag,0.057699999999999994
tactical store near me,0.056900000000000006
grey man theory,0.056100000000000004
police duty bag,0.0556
concealed carry shirt,0.0552
tactical sling bag,0.0547
ammo bag,0.0537
tactical back pack,0.053
molle pouches,0.0529
tactical sweatshirt,0.051500000000000004
shotgun bandolier,0.0512
molle attachments,0.0509
edc gear,0.0508
tactec,0.0504
abr academy,0.4868
what to wear to shooting range,0.4868
what to wear to gun range,0.4623
tactical rain jacket,0.049
pistol range bag,0.049
tactical backpack,0.0489
tactical sneakers,0.0489
range bag pistol,0.0489
tactical work pants,0.0483
molle accessories,0.0475
molle system,0.0471
tactical hiking boots,0.047
tactical clothing,0.046799999999999994
rifle bag,0.0466
tatical gear,0.0462
concealed carry shorts,0.0451
tactical stores near me,0.044199999999999996
ccw hoodie,0.044000000000000004
tactical fanny pack,0.0434
bugout bag,0.0434
range bag,0.043
concealed carry jacket,0.042699999999999995
patrol bag,0.042300000000000004
tactical hoodie,0.042300000000000004
concealed carry sling bag,0.042199999999999994
tactical sweater,0.0421
range bags,0.0417
ems jacket,0.0414
tactical hoodies,0.041299999999999996
battle belt,0.0412
tactical jacket men,0.041100000000000005
battle belts,0.0405
gun range bag,0.04019999999999999
molle gear,0.04
what to wear to a shooting range,0.3981
best jeans for concealed carry,0.37189999999999995
army surplus store,0.3136
amp24 backpack,0.3103
shooting gloves,0.0398
concealed carry clothing,0.0383
molle pouch,0.0378
tactical rucksack,0.0373
soft rifle case,0.037000000000000005
tactical duffle bag,0.037000000000000005
ccw fanny pack,0.0365
tactical belts,0.0358
go bag,0.0355
tactical leggings,0.0351
tactical kilt,0.0349
bug out bag,0.0348
tactical patches,0.034300000000000004
pistol case,0.0341
tactical store,0.0335
grey man meaning,0.0331
holster shirt,0.033
tactical bag,0.0329
tactical shoulder bag,0.032400000000000005
ems boots,0.0321
tactical pants near me,0.0318
morale patches,0.0316
tactical belt,0.0311
edc items,0.0308
tactical shorts,0.030699999999999998
what is molle,0.030600000000000002
tactical backpacks,0.0304
rush tier system,0.2894
rush 100 backpack,0.2753
what to wear to a gun range,0.25739999999999996
army surplus near me,0.2484
gray man definition,0.2389
military surplus near me,0.237
shooting range accessories,0.2138
soft toe vs composite toe,0.213
tactical boots for women,0.0298
go bag essentials,0.0298
tactical wallet,0.029500000000000002
concealed carry fanny pack,0.0294
tactical cargo pants,0.0285
tactical apparel,0.027999999999999997
tactical gear,0.0274
molle webbing,0.0263
gun belt,0.0259
weighted vest,0.0253
tactical pants for women,0.024900000000000002
tactical jacket,0.0245
tactical bags,0.0233
ems pants,0.023
women's tactical boots,0.0226
tactical gloves,0.0223
plate carrier,0.0222
military backpacks,0.0219
law enforcement gear,0.0219
gun bag,0.021099999999999997
women's tactical pants,0.0209
tactical clothes,0.0209
tactical boots for men,0.0208
ifak contents,0.1996
abr pro pant,0.1954
concealed carry sweatshirt,0.1938
norris sneaker,0.18899999999999997
how does molle work,0.1884
covrt 18,0.1825
how to use molle,0.1778
how to use molle system,0.1771
concealed carry hoodie,0.1728
what is a grayman,0.16670000000000001
conceal carry hoodie,0.1641
brokos belt,0.1603
what is molle system,0.1483
what is a gray man,0.14679999999999999
apex pants,0.14150000000000001
rush 2.0 backpack,0.1407
five eleven,0.1399
best pants for concealed carry,0.1364
rush 12 backpack,0.1359
what is a molle system,0.1353
taclite pro pants,0.13419999999999999
rush 12 2.0,0.1341
tactical series,0.1335
rush backpack,0.1324
rush 72 backpack,0.1308
concealed carry pants,0.1275
rush 24 backpack,0.1275
rush 24 2.0,0.1264
rush 100,0.1253
lv6 waist pack 2.0 3l,0.122
rush 72,0.121
tactical gloves for shooting,0.12050000000000001
rush 12,0.1164
conceal carry pants,0.1134
shooting range gear,0.11320000000000001
tactical luggage,0.1124
rush24,0.11199999999999999
tactical dress shoes,0.1117
tactical gifts,0.10710000000000001
rush 24,0.105
stryke pants,0.1045
rush moab 6,0.10439999999999999
range bag essentials,0.10279999999999999
rush moab 10,0.1026
maverick battle belt,0.1009
ccw pants,0.1009
tactec plate carrier,0.1008
tactical boots,0.019299999999999998
multicam pants,0.018799999999999997
police gear,0.018600000000000002
tactical pants for men,0.018500000000000003
velcro patches,0.0167
ifak,0.0165
emt boots,0.015600000000000001
chest rig,0.015300000000000001
tactical shirts,0.0151
molle backpack,0.0147
tactical watches,0.0144
molle,0.0143
tactical knife,0.014199999999999999
military backpack,0.013999999999999999
tactical shoes,0.0132
tactical mask,0.0128
police duty belt,0.0125
tactical shirt,0.0121
tactical watch,0.012
tactical pants,0.011899999999999999
edc belt,0.0113
duty belt,0.011200000000000002
military gear,0.0111
emt pants,0.0109
plate carrier vest,0.0108
tactical vest,0.0102
tactical flashlight,0.0091
karambit knife,0.0078000000000000005
weight vest,0.0074
tactical pen,0.0067
tactical,0.0064
