Top queries,Clicks,Impressions,CTR,Position
5.11,154686,553736,27.93%,1.45
5.11 tactical,120652,467538,25.81%,1.07
511 tactical,73795,306332,24.09%,1.05
511,30611,542222,5.65%,4.35
5 11,4854,41544,11.68%,2.23
5.11 pants,4640,24817,18.7%,1.17
5.11 store,4505,22940,19.64%,1.28
511 store,4180,19268,21.69%,1.23
5.11 tactical pants,3742,25965,14.41%,1.24
tactical gear,3563,129938,2.74%,4.39
5.11 usa,3365,4868,69.12%,1
511tactical,3025,8926,33.89%,1.03
5.11 boots,2952,16016,18.43%,1.37
5.11 backpack,2938,15501,18.95%,1.22
5.11 store near me,2910,15681,18.56%,1.53
tactical backpack,2713,55438,4.89%,4.72
511 pants,2405,16291,14.76%,1.19
511 tactical pants,2371,20369,11.64%,1.24
5.11 tactical store,1882,9307,20.22%,1.26
5.11 stryke pants,1851,9559,19.36%,1.32
511 boots,1834,10659,17.21%,1.15
5:11,1765,11388,15.5%,1.94
tactical 5.11,1754,6765,25.93%,1.42
5.11 jacket,1688,10479,16.11%,1.2
511 store near me,1607,8050,19.96%,1.34
5-11,1479,12642,11.7%,1.85
5 11 store,1420,8209,17.3%,1.16
5.11 rush 24,1396,10042,13.9%,2.35
5.11 shoes,1293,5693,22.71%,1.16
5.11 plate carrier,1261,8780,14.36%,1.4
511 backpack,1242,7277,17.07%,1.3
5.11 tactical boots,1234,8691,14.2%,1.32
5.11 rush 12,1186,8352,14.2%,2.64
511 tactical store,1176,6727,17.48%,1.56
5.11 tactical jacket,1159,9789,11.84%,1.17
range bag,1100,25590,4.3%,6.56
5.11 belt,1078,5897,18.28%,1.38
5.11 jeans,1053,4261,24.71%,1.36
five eleven,1048,7489,13.99%,2.49
tactical belt,1024,32918,3.11%,7.1
5.11 outlet,983,2307,42.61%,1.44
5.11 tactical near me,973,4832,20.14%,1.29
5.11 watch,951,3846,24.73%,1.05
5.11 canada,947,3436,27.56%,1.11
5.11 near me,940,5275,17.82%,1.4
5.11 fanny pack,931,1568,59.38%,1.06
5.11 military discount,917,2575,35.61%,1.26
511 tactical jacket,907,7285,12.45%,1.17
511 clothing,901,3477,25.91%,1.16
5 11 tactical,892,4241,21.03%,1.58
5.11 tactical usa,873,1602,54.49%,1
5.11 tactical gear,867,4992,17.37%,1.08
5.11 rush 72,832,5944,14%,2.62
5'11,818,146660,0.56%,3.06
5.11 bags,812,3382,24.01%,1.17
5.11 lv6,811,3610,22.47%,3.5
tactical boots,809,42004,1.93%,9.48
tactical 511,795,3112,25.55%,1.47
5.11 tactical uniform,779,1302,59.83%,1.07
5.11 apex pants,774,3538,21.88%,1.31
tactical store near me,765,13453,5.69%,3.09
5.11 careers,754,1006,74.95%,1.01
5.11 bag,736,3782,19.46%,1.29
molle pouches,728,13769,5.29%,4.73
511 jacket,721,5629,12.81%,1.15
5.11tactical,710,2236,31.75%,1.38
5/11,704,32017,2.2%,2.64
5.11 australia,693,2023,34.26%,1.4
5.11 europe,691,1768,39.08%,1.26
5.11 gloves,685,3146,21.77%,1.22
511 gear,682,2653,25.71%,1.13
5.11 knife,682,1488,45.83%,1.12
5.11 gear,666,2794,23.84%,1.1
5.11 sling bag,655,3390,19.32%,1.17
tactical,649,102034,0.64%,6.83
"5,11",648,13616,4.76%,3.04
5.11 vest,633,3414,18.54%,1.32
5.11 lv8,630,2577,24.45%,1.58
511 tactical boots,624,5777,10.8%,1.39
shooting gloves,622,15632,3.98%,9.79
concealed carry hoodie,621,3593,17.28%,5.37
edc gear,616,12128,5.08%,7.59
5.11 sale,613,2232,27.46%,1.09
5.11 knives,607,1019,59.57%,1.11
5.11 rush,605,4076,14.84%,2.03
5 11 pants,577,3236,17.83%,1.12
5.11 return policy,577,1171,49.27%,1
5.11 range bag,573,3473,16.5%,1.42
5.11 apex pant,563,3140,17.93%,1.26
5.11 официальный сайт,554,1619,34.22%,2.18
5.11 clothing,551,2302,23.94%,1.2
5.11 tactical backpack,547,3633,15.06%,1.17
tactical sling bag,544,9942,5.47%,4.01
5.11 ridge pant,544,2528,21.52%,1.35
511 stryke pants,538,3560,15.11%,1.23
511 tactical canada,537,2370,22.66%,1
5.11 tactical belt,536,3407,15.73%,1.28
tactical gloves,533,23929,2.23%,7.48
5.11 norris sneaker,533,2570,20.74%,1.24
5.11 tactec plate carrier,526,3670,14.33%,1.38
tactical clothing,525,11224,4.68%,8.43
511 tactical gear,522,2709,19.27%,1.13
5.11 job shirt,519,2519,20.6%,1.13
battle belt,517,12544,4.12%,15.54
5.11 rucksack,515,3071,16.77%,1.27
5.11 bop uniform,509,893,57%,1.15
5.11 xtu,505,1040,48.56%,1.12
511 shoes,499,3096,16.12%,1.34
molle,497,34650,1.43%,5.84
511 bop uniforms,491,716,68.58%,1.26
5.11 bail out bag,487,1250,38.96%,2.04
5.11 amp,486,1632,29.78%,1.55
5.11 hamburg,486,1455,33.4%,1.07
5-11 pants,482,2383,20.23%,1.03
5.11+,480,2629,18.26%,1.67
511 watch,479,3432,13.96%,1.07
5.11 weight vest,478,3300,14.48%,1.08
5.11 cargo pants,476,2518,18.9%,1.24
molle attachments,474,9306,5.09%,4.78
5.11 apex,472,2630,17.95%,2.77
molle system,467,9909,4.71%,8.49
5.11 backpacks,458,2036,22.5%,1.2
tactical bag,457,13881,3.29%,5.82
5.11 amp 24,454,1844,24.62%,2.51
tactical jeans,445,5920,7.52%,3.14
511 tactical near me,443,2717,16.3%,1.44
ifak contents,439,2199,19.96%,3.89
5.11 patches,439,1931,22.73%,1.09
5.11 amp 12,433,1685,25.7%,2.31
5.11 tactical canada,430,1898,22.66%,1
5.11 bop uniforms,418,725,57.66%,1.18
5.11 maverick battle belt,407,2347,17.34%,1.47
511 bags,407,1899,21.43%,1.29
5:11 tactical,407,1523,26.72%,1.03
5.11 brand,403,1252,32.19%,1.02
5-11 store,402,2137,18.81%,1.14
tactical gear near me,398,6818,5.84%,4.16
plate carrier,395,17756,2.22%,22.28
morale patches,395,12505,3.16%,10.18
5.11 tactical store near me,393,1779,22.09%,1.36
5.11 tactical series,391,2138,18.29%,1.31
5.11 mag pouch,391,832,47%,1.45
5.11 rush 100,388,2116,18.34%,1.98
5.11 kilt,387,1091,35.47%,1.08
5.11 shirts,385,2255,17.07%,1.26
5.11 belts,384,1546,24.84%,1.24
5.11 us,384,517,74.27%,1
tactical hoodie,383,9049,4.23%,5.65
5.11 stryke,374,1785,20.95%,2.16
5.11 tactical vest,371,2509,14.79%,1.18
tactical vest,367,35830,1.02%,11.4
511 cargo pants,364,2416,15.07%,1.06
5.11 returns,363,497,73.04%,1
rush 24,361,3437,10.5%,3.3
military backpacks,358,16343,2.19%,7.52
511 fanny pack,353,723,48.82%,1.01
5.11 tactical careers,350,501,69.86%,1.26
5.11 combat shirt,349,1388,25.14%,1.3
511 belt,348,2482,14.02%,1.26
5.11 chest rig,348,2130,16.34%,1.38
tactical pants,346,29140,1.19%,11.82
511 outlet,344,681,50.51%,1.2
511 apex pants,342,2114,16.18%,1.19
tactical jacket,341,13899,2.45%,7.8
5.11 mexico,341,3789,9%,4.09
5.11 sling,340,830,40.96%,1.08
511 plate carrier,338,2622,12.89%,1.29
5.11 cap,338,2001,16.89%,1.45
5 11 store near me,335,1648,20.33%,1.4
5.11 first responder discount,332,1005,33.03%,1.66
range bags,331,7942,4.17%,5.3
5.11 chest pack,331,1648,20.08%,1.38
5.11 hoodie,329,1536,21.42%,1.03
rush 72,324,2677,12.1%,4.3
5.11 tactical bag,322,1980,16.26%,1.15
5.11 warranty,322,549,58.65%,1
5.11 ems pants,321,2423,13.25%,1.22
5.11 jackets,320,1628,19.66%,1.31
5.11 messenger bag,319,1524,20.93%,1.58
5.11 xtu pants,317,650,48.77%,1.09
5.11 polo,312,1425,21.89%,1.13
5.1.1 tactical,312,1309,23.83%,1.3
5.11 weighted vest,311,1753,17.74%,1.1
5.11 shop,309,1228,25.16%,1.15
5.11 tactical kilt,303,815,37.18%,1.06
5.11 las vegas,302,1392,21.7%,1
5.11 skyweight,301,1409,21.36%,1.38
5.11 vxi,301,616,48.86%,1.06
511 bag,299,1779,16.81%,1.41
5.11 shorts,296,1597,18.53%,1.28
511tactical.com,295,1012,29.15%,1
5.11 size chart,293,704,41.62%,1.07
5.11 tactec,292,2227,13.11%,2.59
5.11 duffle bag,292,1630,17.91%,1.19
concealed carry jacket,288,6744,4.27%,9.59
5.11 jobs,287,543,52.85%,1.14
511 tactical belt,283,1929,14.67%,1.31
5.11 tactical watch,282,1097,25.71%,1.09
5.11 duty belt,281,1587,17.71%,1.31
5.11 san diego,281,1262,22.27%,1
5.11 wallet,281,947,29.67%,1.33
5.11 socks,280,1129,24.8%,1.27
5.11 bop,278,432,64.35%,1.3
5.11 lv10,276,1564,17.65%,2.41
5.11 rifle bag,276,482,57.26%,1.42
511 near me,275,2801,9.82%,1.62
concealed carry pants,275,2157,12.75%,6.4
511 canada,275,1804,15.24%,3.06
511 tactical backpack,274,2166,12.65%,1.07
rifle bag,272,5838,4.66%,13.13
511 jeans,272,4841,5.62%,5.17
rush 12,271,2328,11.64%,4.15
5.11 patch,271,1344,20.16%,1.34
5.11.com,267,493,54.16%,1.31
5.11 amp 72,266,852,31.22%,2.23
511.com,263,1937,13.58%,4.98
5.11 tactical shirt,263,1539,17.09%,1.31
5.11 shirt,262,1578,16.6%,1.33
511 brand,262,974,26.9%,1.02
5.11 watches,262,890,29.44%,1.1
5.11 taclite pro pants,261,1536,16.99%,1.35
5.11 patrol bag,260,1531,16.98%,1.56
5.11 rifle case,259,406,63.79%,1.51
5.11 womens pants,258,1099,23.48%,1.45
karambit knife,257,32908,0.78%,8.03
tactical store,257,7675,3.35%,6.96
5.11 pouch,254,1156,21.97%,1.36
gun range bag,251,6244,4.02%,7.15
5.11 pouches,251,1057,23.75%,1.32
511 rush 24,250,1637,15.27%,1.75
5.11 abr pro pants,249,1366,18.23%,1.32
5.11 knee pads,248,1038,23.89%,1.43
5.11 clearance,248,718,34.54%,1.13
5.11 moab 6,247,1631,15.14%,2.22
5.11 icon pant,247,1375,17.96%,1.63
pistol range bag,246,5021,4.9%,7.23
5.11 com,246,340,72.35%,1
511 sale,245,790,31.01%,1.07
5.11 blazer,243,1155,21.04%,1.13
5.11 stryke pant,241,1233,19.55%,1.53
5.11 customer service,240,1200,20%,1.16
ammo bag,239,4454,5.37%,5.95
511 shirts,239,1448,16.51%,1.41
511 gloves,239,1032,23.16%,1.19
5.11 rain jacket,237,921,25.73%,1.33
511 knife,237,521,45.49%,1.06
tactical backpacks,236,7758,3.04%,7.61
5.11 +,235,1253,18.75%,1.63
tactical stores near me,234,5295,4.42%,3.23
5.11 hat,233,1512,15.41%,1.37
what is a gray man,232,1580,14.68%,1.07
five eleven tactical,232,1197,19.38%,1.07
5.11 website,232,554,41.88%,1
5.11 covert backpack,231,1166,19.81%,1.33
tactical patches,230,6714,3.43%,8.28
tactical belts,230,6425,3.58%,9.02
511 cat tourniquet,230,983,23.4%,1.08
military backpack,228,16326,1.4%,9.54
velcro patches,228,13639,1.67%,15.42
5.11 tactical shoes,228,1173,19.44%,1.24
511 knives,228,378,60.32%,1.21
tactical wallet,227,7699,2.95%,8.1
511 bop,227,273,83.15%,1.21
police gear,226,12173,1.86%,10.28
5.11 5 in 1 jacket,226,770,29.35%,1.37
5.11 hawaii,226,751,30.09%,1
5.11 outlet store,226,370,61.08%,1.86
511 san diego,225,1189,18.92%,2.63
tactec plate carrier,224,2223,10.08%,2.3
511 sling bag,224,1298,17.26%,1.09
5.11 tactical store locations,222,1694,13.11%,1.65
5.11 skyweight chest pack,220,1020,21.57%,1.8
5.11 gift card,219,558,39.25%,1
5.11 waist pack,218,703,31.01%,1.31
5.11 balaclava,217,817,26.56%,1.69
5.11 tactical bail out bag,216,611,35.35%,1.78
5.11 tactical outlet,215,415,51.81%,1.08
511 return policy,215,367,58.58%,1
5.11 soms,214,1041,20.56%,1.77
511 vest,213,1531,13.91%,1.43
511 rush 12,213,1383,15.4%,2.34
5.11 rapid assault shirt,212,783,27.08%,1.77
5 11 boots,211,1336,15.79%,1.36
5.11 flashlight,211,1251,16.87%,1.09
5.11 tactical australia,211,881,23.95%,1.61
5.11 amp 10,211,698,30.23%,1.7
511 lv6,207,563,36.77%,2.03
5.11 bop uniform program,207,393,52.67%,1.25
511 tactical outlet,207,361,57.34%,1.68
511 tactical usa,206,350,58.86%,1
5.11 cams,205,1365,15.02%,2.11
5.11 apron,204,346,58.96%,1.12
511 usa,203,846,24%,2.08
5 11 clothing,203,781,25.99%,1.04
5.11 boonie hat,202,1034,19.54%,1.51
5.11 battle belt,201,1288,15.61%,1.35
ems boots,200,6234,3.21%,6.79
concealed carry sweatshirt,199,1027,19.38%,4.61
511 military discount,199,906,21.96%,3.66
5.11 pistol case,199,395,50.38%,1.67
5.11 inc,198,1267,15.63%,1.29
5.11 law enforcement discount,198,681,29.07%,2.75
511 jackets,197,1234,15.96%,1.31
5.11 stores,197,905,21.77%,1.47
www.511tactical.com,197,611,32.24%,1
5.11 ridge pants,196,853,22.98%,1.21
ems pants,195,8480,2.3%,7.61
tactical pants for men,194,10496,1.85%,10.47
tactical cargo pants,194,6798,2.85%,6.18
5.11 hats,194,996,19.48%,1.25
5.11 moab 8,193,868,22.24%,1.73
5.11 order status,193,282,68.44%,1
molle pouch,192,5080,3.78%,8.67
rush 24 backpack,192,1506,12.75%,2.07
511 clothes,191,781,24.46%,1.1
range bag pistol,190,3887,4.89%,7.73
5.11 tactical gloves,190,1253,15.16%,1.32
5.11 norris,190,736,25.82%,1.17
511 backpacks,189,1148,16.46%,1.28
5.11 defender flex jeans,189,939,20.13%,2.02
5.11 all hazards prime,189,832,22.72%,1.82
5.11 select carry pistol pouch,188,474,39.66%,1.59
"5""11",187,14787,1.26%,2.37
tienda 5.11,186,3428,5.43%,4.92
5.11 skyweight utility chest pack,186,902,20.62%,2.07
5.11 tatical,186,753,24.7%,1.41
5-11 store near me,185,931,19.87%,1.48
501 tactical,185,914,20.24%,1.04
511 tatical,185,765,24.18%,1.19
5.11 clothes,185,693,26.7%,1.02
molle accessories,183,3850,4.75%,6.01
gray man meaning,183,3028,6.04%,1.07
5.11 moab 10,183,1415,12.93%,2.53
tactical watch,182,15213,1.2%,7.74
511 range bag,182,1284,14.17%,1.36
5.11 uk,181,1221,14.82%,3.7
5.11 cams 3.0,180,1021,17.63%,2.32
tactical fanny pack,179,4122,4.34%,16.27
how to use molle system,179,1011,17.71%,2.74
5.11 valiant duty jacket,179,486,36.83%,1.18
5.11 sigurd shirt,179,308,58.12%,1.06
5.11 lv18,177,958,18.48%,3.05
5.11 tactical jobs,177,315,56.19%,1.21
apex pants,176,1244,14.15%,1.46
511 ems pants,176,1241,14.18%,1.49
511 tac,176,526,33.46%,1.02
511 tactical bag,175,1209,14.47%,1.11
5.11 luggage,175,747,23.43%,1.23
5.11 tactical knife,175,370,47.3%,1.31
5.11 patch of the month,175,326,53.68%,1
range bag essentials,174,1692,10.28%,4.86
5.11 atac 2.0,173,1046,16.54%,1.76
5.11 tactical официальный сайт,173,410,42.2%,1.74
5.11 eu,173,304,56.91%,1.01
511 weight vest,172,1176,14.63%,1.31
5.11 dump pouch,172,660,26.06%,1.35
5.11 laredo,172,636,27.04%,1
5.11 mcallen,170,707,24.05%,1
5.11 t shirts,170,679,25.04%,1.44
5.11 shooting gloves,169,311,54.34%,1.44
5.11 official,169,222,76.13%,1
511 tactical store near me,168,1296,12.96%,1.67
5.11 trail pant,168,719,23.37%,1.04
5.11 tac,168,635,26.46%,1.13
5.11 usa sale,168,264,63.64%,1
tactical shoes,167,12660,1.32%,7.81
5.11 tactical jeans,167,848,19.69%,1.37
5.11 lv6 2.0,167,729,22.91%,3.49
5.11 dog harness,167,645,25.89%,1.02
5.11 tactical sale,167,555,30.09%,1.01
511 gift card,166,478,34.73%,1.03
concealed carry shirt,165,2987,5.52%,8.23
bug out bag,164,4719,3.48%,50.55
what to wear to a shooting range,164,412,39.81%,1.5
511 watches,163,593,27.49%,1.22
5.11 tulsa,163,583,27.96%,1
5.11 lexington ky,163,539,30.24%,1
5.11 qatar,163,520,31.35%,1.42
9.11 tactical,162,1415,11.45%,2.7
tactical sneakers,161,3295,4.89%,2.25
rush 12 backpack,161,1185,13.59%,2.49
conceal carry hoodie,161,981,16.41%,5.25
511 job shirt,160,1034,15.47%,1.27
5/11 pants,160,979,16.34%,1.06
tactical bags,159,6827,2.33%,7.52
5.11 el paso,159,839,18.95%,1
511 womens pants,159,744,21.37%,1.15
511 ridge pant,159,683,23.28%,1.15
511 apparel,159,650,24.46%,1.01
5.11 all hazards nitro,158,796,19.85%,2.13
5.11 tactical military discount,158,448,35.27%,1.63
5.11 magazine pouch,158,272,58.09%,1.29
grey man meaning,157,4737,3.31%,1.09
5.11 tactec trainer weight vest,157,724,21.69%,1.25
go bag,156,4397,3.55%,18.6
511 belts,156,955,16.34%,1.39
5.11 sierra bravo duty belt,156,742,21.02%,1.72
512 tactical,156,288,54.17%,1.3
rifle range bag,155,1672,9.27%,3.87
5.11 range ready bag,155,1039,14.92%,1.8
5.11 tdu pants,155,788,19.67%,2.03
511 tactical outlet store,155,337,45.99%,1.67
511 norris sneaker,154,619,24.88%,1.12
511.tactical,154,582,26.46%,1.18
5.11 gun bag,154,303,50.83%,1.22
5.11 v.xi,154,266,57.89%,1.02
rush 100,153,1221,12.53%,2.01
5.11 beanie,153,794,19.27%,1.1
5.11 knoxville,153,532,28.76%,1
5.11 atac boots,152,935,16.26%,1.51
5.11 tucson,152,691,22%,1
511 tactical vest,151,1318,11.46%,1.15
511 rush,151,772,19.56%,1.62
511 albuquerque,151,403,37.47%,1.21
511 tactical knife,150,262,57.25%,1.01
5.11.,149,976,15.27%,1.49
5.11 molle pouches,149,630,23.65%,1.21
5.11 3 in 1 parka,149,499,29.86%,1.35
511 tactical careers,149,221,67.42%,1
5.11 return,149,192,77.6%,1
511 uniforms,148,591,25.04%,1.06
511 shop,148,582,25.43%,1.16
best jeans for concealed carry,148,398,37.19%,1.02
what to wear to shooting range,148,304,48.68%,1.2
5.11 bastion jacket,147,415,35.42%,1.57
v.xi,147,224,65.62%,1.11
bop uniforms 5.11,147,220,66.82%,1.1
911 tactical,146,1981,7.37%,4.78
5.11 stryke shirt,146,598,24.41%,1.14
5.11 push pack,145,1407,10.31%,2.57
tactical dress shoes,145,1298,11.17%,3.67
5-11 tactical,145,784,18.49%,1.08
5.11 defender flex,145,702,20.66%,2.59
5.11 tactical outlet store,145,302,48.01%,1.15
5.11 tactical fanny pack,145,241,60.17%,1
5.11 tampa,144,747,19.28%,1
5.11 radio pouch,143,775,18.45%,1.4
5.11 2 banger bag,142,757,18.76%,2.03
511 patches,142,730,19.45%,1.07
5.11 fleece jacket,142,571,24.87%,1.05
5.11 tactical.com,142,427,33.26%,1.01
outlet 511 tactical,142,372,38.17%,1.26
shooting range bag,141,2270,6.21%,7.82
5.11 sunglasses,141,459,30.72%,1.75
511 tactical.com,141,451,31.26%,1.28
511 work pants,140,797,17.57%,1.27
tactical series,139,1041,13.35%,2.23
5.11 rush 12 2.0,139,914,15.21%,3.67
511 tactical shoes,139,832,16.71%,1.44
5.11 holster,139,534,26.03%,1.18
5.11 hand warmer,139,422,32.94%,1.06
5.11 store hamburg,139,310,44.84%,1.06
tactical gifts,138,1288,10.71%,3.84
5.11 tactical cargo pants,138,851,16.22%,1.33
5.11 rapid sling pack,138,677,20.38%,2.04
5.11 tactical apex pants,137,577,23.74%,1.16
5.11 huntsville,137,547,25.05%,1
511 rush 72,136,1032,13.18%,2.3
5.11 tactical plate carrier,136,967,14.06%,1.24
511 tactical fanny pack,136,206,66.02%,1.09
5.11 icon pants,135,725,18.62%,1.64
5.11 orlando,135,570,23.68%,1.02
5.11 work pants,135,513,26.32%,1.39
shooting gloves for men,134,1713,7.82%,13.88
5.11 tactical pants women's,134,1015,13.2%,1.28
5.11 hose,134,798,16.79%,1.03
5.11 tactical return policy,134,222,60.36%,1
tactical boots for men,133,6405,2.08%,10.78
shooting range accessories,133,622,21.38%,4.37
5.11 omaha,133,383,34.73%,1.4
weighted vest,131,5177,2.53%,49.18
tactec,131,2600,5.04%,4.47
5.11 2 banger,131,670,19.55%,2.99
5.11 sabre jacket,131,491,26.68%,1.69
511 bail out bag,131,256,51.17%,1.62
tac 5.11,130,682,19.06%,1.28
5.11 meridian,130,480,27.08%,1.17
5.11 gun belt,130,469,27.72%,1.35
ifak kit,129,1800,7.17%,42.95
5 11 backpack,129,780,16.54%,1.54
5.11 amp24,129,434,29.72%,4.07
5.11 plus,129,429,30.07%,1.06
outlet 5.11,129,234,55.13%,1.71
plate carrier 5.11,128,973,13.16%,2.95
511 shorts,128,894,14.32%,1.27
5.11 tactical rush,128,821,15.59%,1.74
5.11 softshell jacket,128,469,27.29%,1.37
5.11 quantum tdu pants,128,412,31.07%,1.46
511 rifle bag,128,175,73.14%,1.05
gun belt,127,4904,2.59%,38.33
tactical kilt,127,3637,3.49%,3.72
מדים טקטיים 5.11,127,1194,10.64%,6.62
5.11 tactical pen,127,417,30.46%,1.25
molle webbing,126,4783,2.63%,3.69
5.11 tactical stryke pants,125,862,14.5%,1.71
rush 5.11,125,855,14.62%,2.82
what is molle system,124,836,14.83%,2.08
5.11 laptop bag,124,715,17.34%,1.47
5.11 skyweight survival chest pack,124,627,19.78%,2.31
511 tactical watch,124,608,20.39%,1.14
5. 11,124,416,29.81%,2.1
5.11 belt sizing,124,322,38.51%,1.01
5.11 karambit,124,320,38.75%,1.53
5.11 pistol mag pouch,124,253,49.01%,1.31
tactical 511 pants,123,1082,11.37%,1.43
5.12 tactical,123,771,15.95%,1.06
5.11 flannel,123,380,32.37%,1.3
511 australia,123,288,42.71%,1.41
511 careers,123,175,70.29%,1.02
stryke pants,122,1168,10.45%,1.29
511 tactical shirts,122,809,15.08%,1.34
511 tactical sale,122,368,33.15%,1.02
5/11 store,121,754,16.05%,1.17
5.11 admin pouch,121,709,17.07%,1.63
5.11 track order,121,162,74.69%,1
511 duffle bag,120,666,18.02%,1.24
5.11 t shirt,120,639,18.78%,1.74
5.11 discount code first responder,120,630,19.05%,2.42
5.11 packs,120,547,21.94%,1.21
5.11 patrol ready bag,120,526,22.81%,2.51
5:11 store,120,520,23.08%,1.11
511 fresno,120,473,25.37%,1
5.11 sneakers,120,459,26.14%,1.11
5.11 pen,120,377,31.83%,1.31
5.11 tactical europe,120,273,43.96%,1
women's tactical pants,119,5704,2.09%,7.15
five 11,119,1909,6.23%,5.93
5.11 parka,119,702,16.95%,1.47
tactical knife,118,8327,1.42%,14.24
bail out bag,118,1707,6.91%,6.29
5.11 performance polo,118,446,26.46%,1.41
5.11 uniforms,118,378,31.22%,1.06
plate carrier vest,117,10877,1.08%,13.91
tactical shorts,117,3812,3.07%,4.88
5.11 backpack rush 24,117,1157,10.11%,2.11
how does molle work,117,621,18.84%,2.62
5.11 duty bag,117,569,20.56%,1.44
511 nashville,117,413,28.33%,1.17
5.11 сайт,117,188,62.23%,2.15
concealed carry sling bag,116,2746,4.22%,12.42
5.11 side trip briefcase,116,367,31.61%,2.71
5.11 deutschland,116,229,50.66%,1.29
511 europe,116,161,72.05%,1.01
5.11 giveaway,116,143,81.12%,1
chest rig vs plate carrier,115,1656,6.94%,4.92
5 eleven,115,1358,8.47%,4.69
tactical luggage,115,1023,11.24%,2.07
5.11 tyler tx,115,318,36.16%,1
bop 5.11,115,162,70.99%,1.12
gun bag,114,5396,2.11%,18.12
tactical shooting gloves,114,1765,6.46%,7.84
5.11 bristol parka,114,452,25.22%,1.81
511 manteca,114,395,28.86%,1
5.11 bakersfield,114,372,30.65%,1
5.11 hexgrid,113,533,21.2%,1.78
5.11 operator belt,113,513,22.03%,1.78
5.11 steel toe boots,113,442,25.57%,1.24
5.11 rush belt kit,113,367,30.79%,1.57
5.11 rush delivery mike,112,329,34.04%,3.16
511 duty belt,111,580,19.14%,1.06
patch 5.11,111,495,22.42%,2.23
5.11 paramus,111,417,26.62%,1.03
5.11 tactical bags,110,472,23.31%,1.13
5.11 knee pad inserts,110,322,34.16%,1.35
bop 5.11 uniform,110,212,51.89%,1.47
5.11 mission ready 3.0,109,618,17.64%,1.89
5.11 responder parka,109,393,27.74%,1.13
weight vest,108,14591,0.74%,18.22
rush backpack,108,816,13.24%,1.31
5.11 watch jacket,108,412,26.21%,1.22
5'11 tactical,108,388,27.84%,1.01
5.11 lv6 2.0 waist pack,108,383,28.2%,1.92
5.11 miami,108,343,31.49%,1
tactical pants for women,107,4291,2.49%,6.49
tactical apparel,107,3818,2.8%,7.63
tactical crossbody bag,107,1854,5.77%,3.9
511 pants mens,107,720,14.86%,1.04
511 sacramento,107,409,26.16%,2.48
511 mag pouch,107,162,66.05%,1.1
tactical jacket men,106,2580,4.11%,7.37
patrol bag,106,2504,4.23%,3.59
tactical hiking boots,106,2256,4.7%,3.01
5 11 jackets,106,574,18.47%,1.17
5.11 boot,106,550,19.27%,1.45
5.11 fresno,106,545,19.45%,1
5.11 lubbock,106,501,21.16%,1
5.11 gym bag,106,420,25.24%,1.48
5.11 pant,106,405,26.17%,1.36
5.11 qr plate carrier,106,401,26.43%,1.28
5.11 tactica,106,333,31.83%,1.18
concealed carry clothing,105,2745,3.83%,16.47
bugout bag,105,2422,4.34%,33.73
concealed carry shirts,105,1382,7.6%,7.13
soft toe vs composite toe,105,493,21.3%,1.01
5.11 rush delivery lima,105,266,39.47%,2.34
511 tactical return policy,105,183,57.38%,1.37
bop 511,105,116,90.52%,1.33
concealed carry jacket mens,104,1716,6.06%,7.51
5.11 tactical uk,104,784,13.27%,2.69
511 phoenix,104,700,14.86%,1.77
5.11 tac tec,104,642,16.2%,1.74
5.11 rush 24 2.0,104,642,16.2%,3.02
5.11 stores near me,104,350,29.71%,1.35
5.11 amp backpack,104,236,44.07%,1.19
tactical duffle bag,103,2781,3.7%,10.44
abr pro pant,103,527,19.54%,1.65
5.11 ifak,103,513,20.08%,2.1
5.11 rush 2.0,103,511,20.16%,2.21
511 apex,103,449,22.94%,1.6
511 tactical military discount,103,283,36.4%,1.48
molle gear,102,2551,4%,4.66
511+,102,678,15.04%,3.45
5.11 briefcase,102,376,27.13%,1.22
does 5.11 offer military discount,102,364,28.02%,1.45
511 brentwood,102,234,43.59%,1.01
5.11 gift card balance,102,125,81.6%,1
ifak,101,6120,1.65%,34.53
what is molle,101,3299,3.06%,3.14
what is 5.11,101,1483,6.81%,1.53
511 hoodie,101,572,17.66%,1.05
511 tactical jeans,101,552,18.3%,1.67
5.11 advent calendar,101,222,45.5%,1.05
5.11 bdu pants,100,647,15.46%,1.68
5.11 amp12,100,448,22.32%,3.69
5.11 packable jacket,100,356,28.09%,1.77
5.11 cloudstryke,100,257,38.91%,1.11
5.11 vtac sling,100,229,43.67%,1.75
5.11 zero g plates,100,193,51.81%,1.22
maverick battle belt,99,981,10.09%,1.96
5.11 rush moab 6,99,632,15.66%,2.63
5.11 speed 3.0,99,546,18.13%,2.88
5.11 covrt,99,375,26.4%,1.34
tactical rain jacket,98,2002,4.9%,5.37
taclite pro pants,98,730,13.42%,1.64
5.11 convoy stuff sack,98,294,33.33%,1.91
511 qatar,98,273,35.9%,1.14
511 clovis,98,260,37.69%,1.31
what to wear to gun range,98,212,46.23%,1.43
5.11 official website,98,171,57.31%,1
xtu 5.11,98,161,60.87%,1.14
tactical work pants,97,2007,4.83%,3.63
gray man theory,97,1152,8.42%,1.9
511 tactical gloves,97,593,16.36%,1.15
5.11 fleece,97,425,22.82%,1.52
5.11 winter jacket,97,394,24.62%,1.04
5.11 weight plates,97,358,27.09%,1.15
5.11 tactical clearance,97,306,31.7%,1.11
5.11 shot show 2024,97,304,31.91%,1.84
5 11 brand,97,262,37.02%,1.04
511 outlet store,97,212,45.75%,1.98
511 size chart,97,165,58.79%,1.01
go bag essentials,96,3217,2.98%,11.29
military surplus near me,96,405,23.7%,36.53
what to wear to a gun range,96,373,25.74%,1.86
5.11 gear set,96,307,31.27%,2.27
5.11 hoover,96,244,39.34%,1
5.11 competition shooting glove,96,217,44.24%,2.11
5.11 pocket knife,96,167,57.49%,1.01
5-11 boots,95,713,13.32%,1.11
5.11 tactical rush 24,95,620,15.32%,2.36
5.11 wingman patrol bag,95,594,15.99%,1.9
5.11 rush backpack,95,572,16.61%,1.18
511 weighted vest,95,506,18.77%,1.2
5.11 schuhe,95,382,24.87%,1
511 first responder discount,95,246,38.62%,2.32
511 amp 12,95,220,43.18%,1.81
511 amp,95,209,45.45%,1.33
what is a grey man,94,978,9.61%,1.03
5.1 tactical,94,401,23.44%,1.19
511 rain jacket,94,391,24.04%,1.1
511 tactical kilt,94,254,37.01%,1.07
511 schaumburg,94,232,40.52%,1
5.11 tactical shirts,93,734,12.67%,1.35
rush 72 backpack,93,711,13.08%,2.12
what is 5.11 store,93,675,13.78%,1.05
tactical series 5.11,93,603,15.42%,1.36
511 stores,93,498,18.67%,1.64
511 tactical shirt,93,492,18.9%,1.44
5.11 coalition pant,93,347,26.8%,1.05
5.11 shotgun pouch,93,219,42.47%,1.29
511 kilt,93,218,42.66%,1.06
5.11 double pistol case,93,186,50%,1.28
5.11 офіційний сайт,93,115,80.87%,1
tactical flashlight,92,10069,0.91%,17.73
chest rig,92,6005,1.53%,28.84
ems jacket,92,2223,4.14%,6.74
5.11 rush moab 10,92,770,11.95%,2.49
511 chest rig,92,710,12.96%,1.28
511 hat,92,535,17.2%,1.31
outlet 5.11 tactical,92,197,46.7%,1.04
5.11 thigh rig,92,194,47.42%,1.71
5.11 covrt 18,91,724,12.57%,2.72
511 polo shirts,91,583,15.61%,1.35
5.11 tactical series pants,91,525,17.33%,1.28
5.11 soms 3.0,91,370,24.59%,2.51
5.11 apparel,91,367,24.8%,1.82
5.11 ridge,91,330,27.58%,1.56
5.11 a/t trainer,91,329,27.66%,1.73
5 11 gear,91,322,28.26%,1
5.11 chameleon softshell jacket 2.0,91,288,31.6%,1.25
511 amp 24,91,271,33.58%,2.43
511 returns,91,137,66.42%,1.03
511 warranty,91,133,68.42%,1.02
concealed carry joggers,90,995,9.05%,6.48
5.11 watch original price,90,727,12.38%,2.07
5.11 tactical tactec plate carrier,90,717,12.55%,1.61
5.11 handcuff pouch,90,514,17.51%,2.33
5.11 trainer belt,90,456,19.74%,1.89
5.11 multicam pants,90,427,21.08%,1.26
5.11 meridian pants,90,349,25.79%,1.19
511 rush 100,90,329,27.36%,1.26
511 austin,90,194,46.39%,1.08
5.11 tactical shorts,89,578,15.4%,1.68
5.11 tactical hoodie,89,390,22.82%,1.03
5.11 okc,89,354,25.14%,1
5.11 gainesville,89,319,27.9%,1.31
5.11 edge chino,89,314,28.34%,1.79
511 tactical australia,89,275,32.36%,1.38
5.11 gun case,89,147,60.54%,1.29
rush 24 2.0,88,696,12.64%,3.95
5.11 tdu,88,539,16.33%,2.21
how to use molle,88,495,17.78%,3.03
5.11 select carry sling pack,88,208,42.31%,1.35
5.11 exchange policy,88,134,65.67%,1
5.11 boot warranty,88,115,76.52%,1.02
tactical shirt,87,7190,1.21%,10.46
tatical gear,87,1885,4.62%,3.77
grey man theory,87,1550,5.61%,2.02
rifle bags,87,1497,5.81%,17.87
511 flashlight,87,440,19.77%,1.37
5.11 multicam,87,416,20.91%,2.18
rush 100 backpack,87,316,27.53%,1.17
5.11 speed 4.0,87,295,29.49%,1.94
5.11 memphis,87,273,31.87%,1
5.11 tactical knoxville,87,271,32.1%,1.07
5.11 rapid origin pack,87,176,49.43%,1.23
edc items,86,2791,3.08%,9.95
rush24,86,768,11.2%,2.73
rush 24 5.11,86,761,11.3%,5.04
5.11 costa mesa,86,736,11.68%,1.02
5.11 quarter zip,86,535,16.07%,1.09
511 icon pants,86,505,17.03%,1.41
5.11 tactical range bag,86,492,17.48%,1.69
www.5.11tactical,86,210,40.95%,1.6
5.11 tactical knives,86,150,57.33%,1.37
5.11 official site,86,104,82.69%,1
tactical pants near me,85,2670,3.18%,8.34
tactical sweater,85,2020,4.21%,2.57
ammo bags,85,1335,6.37%,4.79
go bag checklist,85,1217,6.98%,9.56
lv6 waist pack 2.0 3l,85,697,12.2%,2.64
511 tactec plate carrier,85,496,17.14%,1.7
511 customer service,85,448,18.97%,1.88
511 lv8,85,322,26.4%,1.7
5.11 chino pants,85,313,27.16%,1.28
5.11 medical bag,85,278,30.58%,1.26
5.11 austin,85,257,33.07%,1
5.11 carry on luggage,85,237,35.86%,1.04
5.11 operator axe,85,220,38.64%,1.62
5.11 74273,85,177,48.02%,1.69
5’11,84,9738,0.86%,2.47
tactical shirts,84,5555,1.51%,8.54
concealed carry fanny pack,84,2854,2.94%,13.88
5.11 atac,84,595,14.12%,2.05
511 socks,84,449,18.71%,1.38
5.11 icon,84,428,19.63%,2.06
5.11 store phoenix,84,348,24.14%,1.01
5.11 colorado springs,84,322,26.09%,1
311 tactical,84,305,27.54%,1.73
5.11 lv8 sling pack,84,300,28%,1.55
.511 tactical,84,250,33.6%,1.05
5.11 ridgeline pants,84,239,35.15%,1.48
5.11 cloudstrike,84,227,37%,1
5.11 tactical spokane,84,223,37.67%,1.09
511 clearance,84,195,43.08%,1.02
5.11 tactical apron,84,143,58.74%,1.03
does 5.11 ship to canada,84,139,60.43%,1
5.11 .com,84,132,63.64%,1.01
multicam pants,83,4421,1.88%,6.89
ccw fanny pack,83,2275,3.65%,11.87
shotgun bandolier,83,1621,5.12%,7.71
handgun range bag,83,1077,7.71%,7.24
ccw pants,83,823,10.09%,8.09
5.11 pants near me,83,791,10.49%,1.89
shooting range gear,83,733,11.32%,5.46
5.11 backpack rush 72,83,730,11.37%,1.83
511 pants near me,83,601,13.81%,1.8
rush 2.0 backpack,83,590,14.07%,2.02
5.11 hosen,83,409,20.29%,1.17
5.11 tacticle,83,309,26.86%,1.04
511 blazer,83,304,27.3%,1.08
5.11 honolulu,83,297,27.95%,1
5.11 response jacket,83,297,27.95%,1.75
511 costa mesa,83,278,29.86%,1
5.11 pants with knee pads,83,203,40.89%,1.66
concealed carry leggings,82,1001,8.19%,8.59
5.11 tactical boots with zipper,82,909,9.02%,1.69
best pants for concealed carry,82,601,13.64%,5.87
5.11 jacke,82,500,16.4%,1
511 chest pack,82,436,18.81%,1.37
tactical 5.11 pants,82,416,19.71%,1.98
5.11 tactical polo,82,319,25.71%,1.25
5..11 tactical,82,251,32.67%,2.18
511 tactical customer service,82,225,36.44%,1
5.11 blaze wrap,82,225,36.44%,1.48
511 paramus,82,197,41.62%,1
511 xtu,82,131,62.6%,1.22
5.11 tactical sling bag,81,553,14.65%,1.43
5.11 stryke® pant,81,503,16.1%,1.43
511 tacticle,81,347,23.34%,1
"5.11, inc.",81,305,26.56%,1
5.11 jacksonville nc,81,273,29.67%,1.73
511 tactical lexington ky,81,233,34.76%,1
5.11 shemagh,81,175,46.29%,1.59
vxi 5.11,81,115,70.43%,1
women's tactical boots,80,3538,2.26%,9.13
tactical rucksack,80,2145,3.73%,7.22
lv6 5.11,80,599,13.36%,4.39
511 tactical series,80,432,18.52%,1.25
5.11 4 in 1 jacket,80,237,33.76%,1.08
511 lv10,80,216,37.04%,1.56
5.11 ammo bag,80,123,65.04%,1.16
emt boots,79,5056,1.56%,10.03
pistol case,79,2319,3.41%,34.36
slim fit tactical pants,79,1221,6.47%,5.66
5.11 tasche,79,665,11.88%,1.02
5.11 tactical pants near me,79,628,12.58%,1.54
5.11 flag bearer cap,79,430,18.37%,2.92
5.11 taclite pro,79,425,18.59%,2.49
norris sneaker,79,418,18.9%,1.19
5.11 nashville,79,338,23.37%,1
5.11 reno,79,316,25%,1
5.11 tactical maverick battle belt,79,313,25.24%,1.54
5.11 duffel bag,79,305,25.9%,1.24
5.11 rolling duffel,79,305,25.9%,1.36
5.11 tactical wallet,79,301,26.25%,1.1
5.11 tactical fleece,79,279,28.32%,1.66
5.11 overwatch messenger,79,278,28.42%,1.32
5.11 field watch 2.0,79,200,39.5%,1.97
tactical kilt 5.11,79,188,42.02%,1.12
molle backpack,78,5293,1.47%,13.29
5.11 tactical pants clearance,78,692,11.27%,1.21
5.11 tdu belt,78,490,15.92%,2.44
army surplus near me,78,314,24.84%,1.08
5.11 overwatch briefcase,78,286,27.27%,1.43
5.11 downers grove,78,269,29%,1
5.11 international ab,78,196,39.8%,1.73
5.11 2 banger gear set,78,181,43.09%,1.43
5.11 tactical returns,78,117,66.67%,1
"5'11""",77,17136,0.45%,2.93
tactical boots for women,77,2580,2.98%,7.49
tactical leggings,77,2195,3.51%,7.1
soft rifle case,77,2082,3.7%,16.75
police duty bag,77,1386,5.56%,3.96
what is 5.11 tactical,77,752,10.24%,1.22
conceal carry pants,77,679,11.34%,6.44
511 stores near me,77,319,24.14%,1.63
5.11 at trainer,77,275,28%,1.36
5.11 manteca,77,266,28.95%,1
5.11 cross body bag,77,222,34.68%,1.11
5.11 keychain,77,183,42.08%,1.03
5.11 amp72,77,181,42.54%,2.94
5.11 ukraine,77,179,43.02%,1.97
5.11 axe,77,150,51.33%,1.13
5.11 braddock dp full,77,129,59.69%,1.19
5.11 ar mag pouch,77,123,62.6%,1.2
emt pants,76,6945,1.09%,10.03
police duty belt,76,6060,1.25%,9.21
tactical rifle bag,76,1014,7.5%,10.69
511 bdu pants,76,377,20.16%,1.6
5.11 flex admin pouch,76,361,21.05%,2.06
5.11 norris low,76,203,37.44%,1.97
tienda 5.11 usa,76,200,38%,1
5.11 wichita,76,200,38%,1.81
511 apron,76,130,58.46%,1.02
5.11 site,76,97,78.35%,1
tactical shoulder bag,75,2313,3.24%,7.22
ccw hoodie,75,1703,4.4%,4.01
5.11 tactical jacket 3-in-1,75,369,20.33%,1.24
5.11 daily deploy push pack,75,344,21.8%,2.05
5.11 shoulder bag,75,328,22.87%,1.38
5.11 training vest,75,291,25.77%,1.18
5.11 maverick belt,75,288,26.04%,1.34
lv8 5.11,75,287,26.13%,1.58
5.11 alta belt,75,230,32.61%,1.24
5.11 meridian pant,75,205,36.59%,1.59
5.11 tactical fleece 2.0,75,200,37.5%,1.18
511 tactical okc,75,189,39.68%,1
5.11 foley mid,75,160,46.88%,1.56
511 jobs,75,148,50.68%,1.48
511 waist pack,75,115,65.22%,1.12
511 pistol case,75,113,66.37%,1.05
duty belt,74,6586,1.12%,15.11
edc belt,74,6528,1.13%,10.63
police supply store near me,74,956,7.74%,9.81
511 shirt,74,394,18.78%,1.34
5.11 covert,74,293,25.26%,1.6
5.11 tactical tactec trainer weight vest,74,285,25.96%,1.65
5.11 tactical locations,74,250,29.6%,1.53
5.11 work boots,74,239,30.96%,1.06
5.11 ranger 2.0,74,238,31.09%,1.57
tac 511,74,233,31.76%,2.71
511 spokane,74,178,41.57%,1.01
5.11 lv covert carry pack,74,171,43.27%,1.4
abr academy,74,152,48.68%,2.34
511 tactical jobs,74,148,50%,1.28
сайт 5.11,74,115,64.35%,1.65
511 tactical europe,74,113,65.49%,1
military gear,73,6575,1.11%,15.25
tactical pants 5.11,73,372,19.62%,1.6
5.11 rapid waist pack,73,332,21.99%,2.48
5.11 combat boots,73,317,23.03%,1.23
5.11. tactical,73,278,26.26%,1.29
5.11 duffel,73,277,26.35%,1.25
5.11 chameleon softshell jacket,73,198,36.87%,1.1
5.11 concealed carry pants,73,109,66.97%,1.11
bop 511 uniform,73,105,69.52%,1.62
what is a grayman,72,432,16.67%,1.24
amp24 backpack,72,232,31.03%,2.97
5.11 stratos 1/4 zip,72,206,34.95%,1.49
511 turlock,72,205,35.12%,1
5.11 74369,72,185,38.92%,1.25
concealed carry shorts,71,1575,4.51%,9.54
tactical back pack,71,1340,5.3%,4.15
511 reno,71,771,9.21%,1.76
5.11 24 rush,71,519,13.68%,4.37
brokos belt,71,443,16.03%,3.46
511 maverick battle belt,71,442,16.06%,1.26
5 11 shoes,71,413,17.19%,1.17
covrt 18,71,389,18.25%,3.42
5.11 gas mask pouch,71,209,33.97%,1.26
5.11 tomahawk,71,145,48.97%,1.39
5.11 insulated pants,71,118,60.17%,1.01
5.11 chat,71,101,70.3%,1
tactical pen,70,10506,0.67%,20.68
tactical clothes,70,3353,2.09%,8.61
tactical hoodies,70,1694,4.13%,3.25
tactical sweatshirt,70,1358,5.15%,9.64
rush moab 10,70,682,10.26%,3.7
511 patrol bag,70,332,21.08%,1.44
5:11 pants,70,318,22.01%,1.14
gray man definition,70,293,23.89%,1.63
5.11 saugus,70,269,26.02%,1
5.11 tactical patches,70,249,28.11%,1.01
5.11 maverick assaulters belt,70,234,29.91%,1.79
511 honolulu,70,222,31.53%,1
5.11 rain pants,70,191,36.65%,1.01
5.11 all missions plate carrier,70,171,40.94%,1.3
5.11 skyweight boots,70,165,42.42%,1.44
5.11 capital pants,70,132,53.03%,1.5
tactical edc,69,916,7.53%,4.27
rush moab 6,69,661,10.44%,3.46
what is a molle system,69,510,13.53%,2.36
women's 511 pants,69,379,18.21%,1.19
511 messenger bag,69,362,19.06%,1.4
5.11 company,69,238,28.99%,1.33
5.11 sling pack,69,229,30.13%,1.14
army surplus store,69,220,31.36%,1.08
5.11 deployment bag,69,193,35.75%,1.24
511 tactical tyler tx,69,188,36.7%,1
5.11 tactical 74273,69,181,38.12%,1.21
511 el paso,69,180,38.33%,1.01
5.11 tactical watch jacket,69,136,50.74%,1.06
5.11 all missions pack,69,133,51.88%,1.06
5.11 pants size chart,69,130,53.08%,1
5.11 rifle backpack,69,116,59.48%,1
5.11 abr academy,69,108,63.89%,1.01
5.11 pistol bag,69,104,66.35%,1.02
5.11 tactical warranty,69,95,72.63%,1
body armor near me,69,94,73.4%,1.03
511 shooting gloves,69,93,74.19%,1.05
511 bop uniform program,69,79,87.34%,1.29
tactical mask,68,5323,1.28%,7.43
holster shirt,68,2059,3.3%,2.94
battle belts,68,1680,4.05%,28.8
pistol bag,68,1088,6.25%,22.44
rush 12 2.0,68,507,13.41%,3.67
5.qq,68,394,17.26%,1.44
5.11 rush24,68,375,18.13%,3.18
5.11 brownsville,68,318,21.38%,1.24
5.11 abr pro pant,68,279,24.37%,2.25
5.11 skyweight on the go pouch,68,256,26.56%,1.83
rush tier system,68,235,28.94%,1.88
5.11 4 banger,68,234,29.06%,1.71
5.11 midland,68,224,30.36%,1.03
5.11 lv8 sling pack 8l,68,201,33.83%,1.44
3.11 tactical,68,170,40%,1.07
5.11 kissimmee,68,166,40.96%,1
5.11 catalog,68,166,40.96%,1.34
511 west palm beach,68,157,43.31%,1
511 oceanside,68,153,44.44%,1
5.11 wholesale,68,104,65.38%,1
5.11 tactical order status,68,75,90.67%,1
tactical watches,67,4661,1.44%,13.47
law enforcement gear,67,3054,2.19%,9.03
police patrol bag,67,890,7.53%,6.14
tactical gloves for shooting,67,556,12.05%,5.7
5.11 moab,67,488,13.73%,2.18
511 hats,67,484,13.84%,1.37
5.11 stryke pants women's,67,431,15.55%,1.14